{
  "page": {
    "header": {
      "logo": {
        "text": "Ö HOME",
        "subtext": "FILTRATION D’EAU",
        "position": "left"
      },
      "nav": [
        {
          "label": "Accueil",
          "active": true,
          "url": "/"
        },
        {
          "label": "Filtre pour toute la maison",
          "url": "#whole-house"
        },
        {
          "label": "Filtre pour eau potable",
          "url": "#drinking"
        },
        {
          "label": "Techniques",
          "url": "#techniques"
        },
        {
          "label": "Schéma de placement",
          "url": "#distribution"
        }
      ],
      "ctaButton": {
        "label": "Contactez-nous",
        "position": "right",
        "style": {
          "backgroundColor": "#004080",
          "textColor": "#ffffff",
          "borderRadius": "30px"
        }
      }
    },
    "hero": {
      "background": "#f0f9ff",
      "leftSection": {
        "title": "Eau pure pour votre maison — Québec, 🇨🇦",
        "buttons": [
          {
            "label": "Demander un devis",
            "style": {
              "backgroundColor": "#0ea5e9",
              "textColor": "#fff",
              "borderRadius": "9999px"
            }
          },
          {
            "label": "Voir les solutions",
            "style": {
              "backgroundColor": "#e5f6ff",
              "textColor": "#0369a1",
              "borderRadius": "9999px"
            }
          }
        ],
        "footerNote": {
          "text": "Installation certifiée au Québec",
          "icon": "flag"
        }
      },
      "rightSection": {
        "image": "/images/filter-device.png",
        "overlayTexts": [
          {
            "text": "Sans plomb",
            "style": {
              "backgroundColor": "#111827",
              "textColor": "#fff",
              "borderRadius": "12px"
            }
          },
          {
            "text": "0.2 µm",
            "style": {
              "backgroundColor": "#111827",
              "textColor": "#fff",
              "borderRadius": "12px"
            }
          }
        ],
        "badges": [
          {
            "text": "Garantie 5 ans",
            "style": {
              "backgroundColor": "#22c55e",
              "textColor": "#fff",
              "shape": "circle"
            },
            "position": "bottomRight"
          },
          {
            "text": "NSF-42",
            "style": {
              "backgroundColor": "#2563eb",
              "textColor": "#fff",
              "shape": "circle"
            },
            "position": "topLeft"
          }
        ]
      }
    },
    "sections": [
      {
        "id": "problems",
        "title": "Problèmes courants",
        "items": [
          {
            "icon": "droplets",
            "title": "Goût de chlore",
            "description": "Réduction des chlore et odeurs",
            "link": {
              "label": "Voir solution",
              "url": "#drinking"
            }
          },
          {
            "icon": "shield",
            "title": "Sédiments",
            "description": "Filtration jusqu’à 0.2 µm",
            "link": {
              "label": "Voir solution",
              "url": "#whole-house"
            }
          },
          {
            "icon": "beaker",
            "title": "Métaux lourds",
            "description": "Cartouches certifiées",
            "link": {
              "label": "Voir solution",
              "url": "#techniques"
            }
          },
          {
            "icon": "zap",
            "title": "Dureté",
            "description": "Adoucisseur et anti-tartre",
            "link": {
              "label": "Voir solution",
              "url": "#distribution"
            }
          }
        ]
      },
      {
        "id": "whole-house",
        "title": "Filtre pour toute la maison",
        "text": "Protection globale: douches, robinets, appareils.",
        "image": "/images/whole-house.png",
        "ctaButton": {
          "label": "Obtenir une estimation",
          "style": {
            "backgroundColor": "#0ea5e9",
            "textColor": "#fff",
            "borderRadius": "12px"
          }
        }
      },
      {
        "id": "drinking",
        "title": "Filtre pour eau potable",
        "text": "Eau pure au robinet, goût impeccable.",
        "image": "/images/drinking.png",
        "ctaButton": {
          "label": "Voir les modèles",
          "style": {
            "backgroundColor": "#0ea5e9",
            "textColor": "#fff",
            "borderRadius": "12px"
          }
        }
      },
      {
        "id": "techniques",
        "title": "Techniques",
        "text": "Choix de média filtrant et configuration.",
        "image": "/images/techniques.png",
        "ctaButton": {
          "label": "En savoir plus",
          "style": {
            "backgroundColor": "#0ea5e9",
            "textColor": "#fff",
            "borderRadius": "12px"
          }
        }
      },
      {
        "id": "distribution",
        "title": "Schéma de placement",
        "text": "Positionnement recommandé du système.",
        "image": "/images/distribution.png",
        "ctaButton": {
          "label": "Télécharger le schéma",
          "style": {
            "backgroundColor": "#0ea5e9",
            "textColor": "#fff",
            "borderRadius": "12px"
          }
        }
      }
    ],
    "footer": {
      "contactForm": {
        "title": "Contact",
        "fields": [
          {
            "type": "text",
            "name": "nom",
            "placeholder": "Votre nom"
          },
          {
            "type": "email",
            "name": "email",
            "placeholder": "Votre courriel"
          },
          {
            "type": "textarea",
            "name": "message",
            "placeholder": "Votre message"
          }
        ],
        "ctaButton": {
          "label": "Envoyer",
          "style": {
            "backgroundColor": "#004080",
            "textColor": "#fff",
            "borderRadius": "12px"
          }
        }
      },
      "logo": {
        "text": "Ö HOME",
        "subtext": "FILTRATION D’EAU"
      },
      "links": [
        {
          "label": "Accueil",
          "url": "/"
        },
        {
          "label": "Confidentialité",
          "url": "/privacy"
        }
      ],
      "social": [
        {
          "platform": "Facebook",
          "icon": "facebook",
          "url": "https://facebook.com/"
        },
        {
          "platform": "Instagram",
          "icon": "instagram",
          "url": "https://instagram.com/"
        }
      ],
      "copyright": "© 2025 Ö HOME. Tous droits réservés."
    }
  }
}